generated_answer,latency_seconds,token_count,correctness
"A hedge can have two different meanings, depending on the context:

**1. Financial Hedge:**

In finance, a hedge is an investment position taken to **offset potential losses** in another existing investment. 

* **Purpose:** To reduce risk by minimizing the impact of adverse price movements in one asset. 
* **Mechanism:** Achieved by taking positions in related assets that will move in the opposite direction. For example, an investor who owns stock in a company might buy put options on that stock to hedge against potential losses if the stock price falls.

**2. Literal Hedge:**

Outside finance, a hedge is a **barrier formed by dense shrubs or trees**. 

* **Purpose:** Can serve as a boundary marker, provide privacy, shelter from wind, or act as a wildlife habitat.
* **Examples:** A row of evergreen bushes around a garden or a line of tall trees separating two fields.


Let me know if you'd like to explore either of these meanings in more detail!",6.380311965942383,208,0.7
"In insurance, **underwriting** is the process of evaluating risk and determining whether to accept or reject an application for insurance coverage. 

Think of it like this:

* **You apply for insurance:**  Like car insurance, health insurance, or life insurance.
* **The insurer (insurance company) underwrites your application:** They look at various factors about you and your situation to assess the risk they're taking on by insuring you.
* **Based on the underwriting decision:**
    * **They accept your application:** You get coverage at a certain price (premium). 
    * **They reject your application:** You don't get coverage.
    * **They offer you coverage, but at a higher premium:** This means they see you as a higher risk and need to charge more to cover the potential cost of a claim.

**What do underwriters consider?**

Underwriters look at many things when evaluating risk, including:

* **Your health history (for health insurance)**
* **Your driving record (for car insurance)**
* **Your age, gender, and location**
* **Your financial stability**
* **The type of coverage you're requesting**
* **Your past claims history**

**Why is underwriting important?**

Underwriting helps insurance companies:

* **Set fair premiums:** By accurately assessing risk, they can price policies appropriately. 
* **Manage their financial risk:** They want to ensure they have enough money to pay out claims.
* **Stay profitable:** Without effective underwriting, they couldn't stay in business.


Let me know if you have any other questions about insurance!",8.945965051651001,343,0.9
"7! (7 factorial) is the product of all positive integers less than or equal to 7.  

Here's how it's calculated:

7! = 7 * 6 * 5 * 4 * 3 * 2 * 1 = **5,040** 
",1.8733398914337158,67,0.9
